上位のページ,クリック数,表示回数,CTR,掲載順位
https://kabuexlabs.com/uwasabanashi/,11,18,61.11%,1.89
https://kabuexlabs.com/guide/immersive-tokyo/,10,88,11.36%,6.76
https://kabuexlabs.com/toudaimurder/,4,18,22.22%,6.61
https://kabuexlabs.com/guide/botsunyukan/,3,678,0.44%,5.28
https://kabuexlabs.com/,3,21,14.29%,15.43
https://kabuexlabs.com/toudaimurder/works/arumadamisu2/,3,11,27.27%,2.09
https://kabuexlabs.com/kaitou/,3,11,27.27%,2.82
https://kabuexlabs.com/guide/shuyu-event/,2,64,3.12%,4.7
https://kabuexlabs.com/guide/halloween-event/,2,24,8.33%,9.5
https://kabuexlabs.com/company/iida-yuki/,2,21,9.52%,6.43
https://kabuexlabs.com/services/murder-mystery/,2,9,22.22%,4.44
https://kabuexlabs.com/guide/saiji/,1,248,0.4%,8.5
https://kabuexlabs.com/guide/immersive/,1,244,0.41%,6.36
https://kabuexlabs.com/guide/zunousen-game/,1,16,6.25%,6.69
https://kabuexlabs.com/guide/madamis-tokyo/,1,16,6.25%,10.56
https://kabuexlabs.com/guide/madamis-making/,1,8,12.5%,6.88
https://kabuexlabs.com/company/,1,5,20%,1.4
https://kabuexlabs.com/hacktale/works/werewolf-theorem/,1,5,20%,2
https://kabuexlabs.com/hacktale/,1,5,20%,5
https://kabuexlabs.com/toudaimurder/works/dokuhaku/,1,4,25%,5.75
https://kabuexlabs.com/toudaimurder/works/jusankaku/,1,4,25%,12
https://kabuexlabs.com/guide/zunousen-seisaku/,1,1,100%,1
https://kabuexlabs.com/anator/,1,1,100%,2
https://kabuexlabs.com/guide/shinrisen/,0,88,0%,4.4
https://kabuexlabs.com/guide/madamis/,0,86,0%,8.38
https://kabuexlabs.com/guide/popup-event/,0,61,0%,10.84
https://kabuexlabs.com/guide/zunousen/,0,42,0%,5.52
https://kabuexlabs.com/blog/v1czofdqf/,0,36,0%,8.47
https://kabuexlabs.com/guide/taikengata-idea/,0,36,0%,13.14
https://kabuexlabs.com/guide/madamis-shoshinsha/,0,32,0%,5.25
https://kabuexlabs.com/guide/zunousen-sakuhin/,0,31,0%,9.06
https://kabuexlabs.com/guide/nazotoki-company/,0,24,0%,7.96
https://kabuexlabs.com/guide/taikengata-event/,0,16,0%,18.56
https://kabuexlabs.com/blog/lck-81nw6j/,0,15,0%,17.13
https://kabuexlabs.com/taikenbizyutu/,0,14,0%,9.79
https://kabuexlabs.com/guide/nazotoki-event/,0,13,0%,25.69
https://kabuexlabs.com/guide/shanai-event/,0,13,0%,49.31
https://kabuexlabs.com/toudaimurder/works/,0,11,0%,6.18
https://kabuexlabs.com/toudaimurder/news/arumadamisu2-release/,0,10,0%,6.1
https://kabuexlabs.com/guide/immersive-preparation/,0,10,0%,6.2
https://kabuexlabs.com/services/nazotoki-kenshu/,0,10,0%,16.9
https://kabuexlabs.com/guide/event-hiyou/,0,10,0%,44.6
https://kabuexlabs.com/guide/madamis-rekishi/,0,9,0%,3.56
https://kabuexlabs.com/toudaimurder/works/frankenstein/,0,9,0%,3.89
https://kabuexlabs.com/blog/9jvapuclct/,0,9,0%,6.11
https://kabuexlabs.com/guide/event-revenue-share/,0,9,0%,6.22
https://kabuexlabs.com/services/immersive/,0,8,0%,5.5
https://kabuexlabs.com/blog/d15in02dr/,0,8,0%,11.38
https://kabuexlabs.com/guide/nazotoki-kenshu/,0,8,0%,33
https://kabuexlabs.com/toudaimurder/news/frankenstein-release/,0,7,0%,5.14
https://kabuexlabs.com/guide/shinrisen-game/,0,7,0%,9
https://kabuexlabs.com/guide/shisetsu-katsuyo/,0,7,0%,17.43
https://kabuexlabs.com/guide/magic-show-immersive-chigai/,0,6,0%,5.5
https://kabuexlabs.com/guide/immersive-taiken/,0,6,0%,9
https://kabuexlabs.com/guide/zunousen-tournament/,0,6,0%,9
https://kabuexlabs.com/guide/ip-event/,0,5,0%,4.8
https://kabuexlabs.com/toudaimurder/works/arumadamisu/,0,5,0%,7.8
https://kabuexlabs.com/services/,0,4,0%,1
https://kabuexlabs.com/guide/madamis-nazotoki-chigai/,0,4,0%,3
https://kabuexlabs.com/guide/yougo/,0,4,0%,6
https://kabuexlabs.com/works/,0,4,0%,6.5
https://kabuexlabs.com/guide/,0,4,0%,8.5
https://kabuexlabs.com/services/shisetsu-event/,0,3,0%,1
https://kabuexlabs.com/taikenbizyutu/lostframe/,0,3,0%,2.33
https://kabuexlabs.com/hacktale/works/,0,3,0%,3.33
https://kabuexlabs.com/toudaimurder/works/bluedia/,0,3,0%,4.33
https://kabuexlabs.com/game/lost-frame/,0,3,0%,7.67
https://kabuexlabs.com/blog/,0,3,0%,40.67
https://kabuexlabs.com/guide/immersive-theater/,0,2,0%,2
https://kabuexlabs.com/guide/event-original-or-existing/,0,2,0%,4
https://kabuexlabs.com/guide/madamis-cost/,0,2,0%,5
https://kabuexlabs.com/blog/zpnp9oth8/,0,2,0%,6.5
https://kabuexlabs.com/guide/case-uwasabanashi/,0,2,0%,7.5
https://kabuexlabs.com/blog/nqo3pynb83r,0,2,0%,8.5
https://kabuexlabs.com/press/,0,1,0%,1
https://kabuexlabs.com/guide/immersive-seisaku/,0,1,0%,2
https://kabuexlabs.com/guide/sankagata-event/,0,1,0%,2
https://kabuexlabs.com/hacktale/works/present-poker/,0,1,0%,2
https://kabuexlabs.com/media/,0,1,0%,2
https://kabuexlabs.com/guide/zunousen-cost/,0,1,0%,8
https://kabuexlabs.com/blog/gpwvkezcvj9/,0,1,0%,10