上位のクエリ,クリック数,表示回数,CTR,掲載順位
イマーシブ 東京 イベント,2,5,40%,5
ex labs,2,3,66.67%,1
exlabs,2,3,66.67%,1
ex lab,2,2,100%,1
あるマーダーミステリーについて2,2,2,100%,1
株式会社ex labs,2,2,100%,1.5
immersive 意味,1,49,2.04%,7.04
怪盗と秘密の試験,1,4,25%,1.75
東大マダミス,1,4,25%,2
フランケンシュタイン城の殺人,1,4,25%,2.25
イマーシブ イベント,1,3,33.33%,2
イマーシブシアター 東京 2026,1,3,33.33%,4.67
イマーシブ体験 2026,1,3,33.33%,7.33
東大マーダーミステリーサークル,1,2,50%,1
プレゼントポーカー,1,2,50%,2.5
イマーシブ 体験 東京 2026,1,1,100%,1
イマーシブ イベント 東京,1,1,100%,3
回遊イベント,1,1,100%,9
マダミスとは,0,239,0%,9.56
マーダーミステリーとは,0,125,0%,11.11
没入感とは,0,121,0%,4.76
没入,0,109,0%,6.2
イマーシブ 意味,0,80,0%,8.93
没入感,0,79,0%,6.13
没入とは,0,58,0%,7.91
immersive,0,39,0%,7.92
心理戦,0,36,0%,6.08
ポップアップイベントとは,0,26,0%,9.23
イマーシブとは,0,24,0%,2.17
マダミス,0,22,0%,12.95
頭脳戦,0,21,0%,6.1
イマーシブシアターとは,0,21,0%,8.71
イマーシブル,0,19,0%,7.84
イマーシブ,0,17,0%,4
没入 英語,0,15,0%,8.33
没入 意味,0,14,0%,7.14
マーダーミステリー とは,0,11,0%,11.36
イマーシブ体験 東京,0,10,0%,7.1
マダミス 初心者,0,10,0%,8.7
イマーシブ体験,0,9,0%,10.44
頭脳戦とは,0,8,0%,2.12
参加型とは,0,8,0%,3.25
イマーシブル 意味,0,8,0%,4.12
没入 言い換え,0,7,0%,3.14
没入感 使い方,0,7,0%,4.14
没入感 言い換え,0,6,0%,2.83
心理戦とは,0,6,0%,3.33
参加型,0,6,0%,5.5
没入感 英語,0,6,0%,7
マダミス 一覧,0,6,0%,7.33
マダミス とは,0,6,0%,10
頭脳戦 心理戦 違い,0,5,0%,1.6
ブルーダイヤの不在証明,0,5,0%,4
イマーシブ 英語,0,5,0%,5.2
マダミス 初心者向け,0,5,0%,10.2
社内イベント 企画,0,5,0%,43.8
イマーシブ とは,0,4,0%,1
イマーシブイベント,0,4,0%,2.25
没入感 意味,0,4,0%,3
あるマーダーミステリーについて,0,4,0%,4.25
しんりせん,0,4,0%,5.75
没頭感,0,4,0%,6
イベント 企画 謎解き 研修,0,4,0%,7
マダミスとは 簡単に,0,4,0%,8.25
回遊 周遊 違い,0,4,0%,8.25
東京 イマーシブ体験,0,4,0%,8.25
ポップアップとは イベント,0,4,0%,9.5
イマーシブシアター 東京,0,4,0%,10.5
物語に入り込む 言い換え,0,3,0%,1
心理戦 強い人 特徴,0,3,0%,2
心理戦 とは,0,3,0%,2.33
没入感を感じる,0,3,0%,3.33
没入感 読み方,0,3,0%,4.33
マダミス 何時間,0,3,0%,5
没入感 とは,0,3,0%,5
没入感 臨場感 違い,0,3,0%,5
マーダーミステリー 所要時間,0,3,0%,5.67
没入感がある,0,3,0%,5.67
イマーシブルとは,0,3,0%,6
ツイン号沈没事故に関する考察,0,3,0%,6
参加型イベント,0,3,0%,6
没入感とは 意味,0,3,0%,7
イマーシブ公演とは,0,3,0%,9
マダミス 遊び方,0,3,0%,9.33
謎解き アイデア,0,3,0%,9.33
没入する,0,3,0%,10
謎解き 制作 依頼 選び方,0,3,0%,10.33
immersive 読み方,0,2,0%,1
イベント 企画 謎解き アイデア,0,2,0%,1
イベント 企画 謎解き 目的,0,2,0%,1
ロストフレーム,0,2,0%,2
ロスト・フレーム,0,2,0%,2
没入感が高い,0,2,0%,2.5
マダミス 種類,0,2,0%,3
体験する美術館,0,2,0%,3
マダミス 時間,0,2,0%,5
美術館 体験型,0,2,0%,5
ブラックタウンドッグス,0,2,0%,5.5
イマーシブ意味,0,2,0%,6
immersive意味,0,2,0%,6.5
イマーシブコンテンツ,0,2,0%,6.5
体験型とは,0,2,0%,7
イマーシブ体験とは,0,2,0%,7.5
東京イマーシブシアター,0,2,0%,7.5
臨場感 没入感 違い,0,2,0%,7.5
イマーシブの意味,0,2,0%,8
マミダス とは,0,2,0%,8
マーダーミステリー 一覧,0,2,0%,8
世界に入り込む 言い換え,0,2,0%,8
頭脳戦 項目,0,2,0%,8
lost frame,0,2,0%,8.5
ポップアップ ストア 催事 違い,0,2,0%,8.5
マダミス 恥ずかしい,0,2,0%,8.5
イマーシブ マダミス,0,2,0%,9.5
ステージ ポップアップ 仕組み,0,2,0%,9.5
マダミス サークル,0,2,0%,9.5
謎解き 制作 イベント アートワーク,0,2,0%,9.5
没入意味,0,2,0%,10
謎解き 会社 相場,0,2,0%,10
イマーシブ演劇,0,2,0%,10.5
イベント企画 体験型,0,2,0%,11
マダミス とは ゲーム,0,2,0%,11
マダミス 流れ,0,2,0%,11
謎解き イベント 集客 宣伝,0,2,0%,11.5
謎解き 会社,0,2,0%,53
社内イベント クイズ,0,2,0%,66.5
まだミスとは,0,1,0%,1
イマーシブとは？,0,1,0%,1
ウワサバナシ調査委員会,0,1,0%,1
ポップアップ型,0,1,0%,1
心理戦がうまい人,0,1,0%,1
本の世界に入り込む 言い換え,0,1,0%,1
没入 使い方,0,1,0%,1
知能戦,0,1,0%,1
1人,0,1,0%,2
immersion,0,1,0%,2
immursive,0,1,0%,2
いまーしぶ,0,1,0%,2
体験型,0,1,0%,2
検証して,0,1,0%,2
没入英語,0,1,0%,2
謎解き 会社 選定基準,0,1,0%,2
イマーシブ 都内,0,1,0%,3
マーダーミステリー 種類,0,1,0%,3
株式会社イマーシブ,0,1,0%,3
hacktale,0,1,0%,4
没入感 例文,0,1,0%,4
没入感に浸る,0,1,0%,4
没入感を高める,0,1,0%,4
janken24,0,1,0%,5
体験型 ポップアップ,0,1,0%,5
投入感,0,1,0%,5
没入感とは？,0,1,0%,5
没入感を味わう,0,1,0%,5
精神戦,0,1,0%,5
immersiveとは,0,1,0%,6
心理戦ゲーム,0,1,0%,6
没入型 意味,0,1,0%,6
観客参加型,0,1,0%,6
飯田雄貴,0,1,0%,6
immersive experience とは,0,1,0%,7
マーダーミステリー とは,0,1,0%,7
催事 ポップアップ 違い,0,1,0%,7
大人向け,0,1,0%,7
immercive,0,1,0%,8
immwrsive,0,1,0%,8
イマーシブ 体験,0,1,0%,8
マダミスとは？,0,1,0%,8
没入 例文,0,1,0%,8
没入体験 英語,0,1,0%,8
頭脳戦項目,0,1,0%,8
イマーシブ演劇 東京,0,1,0%,9
マーダーミステリー 意味,0,1,0%,9
交渉ゲーム,0,1,0%,9
謎解き 会社 実績 契約,0,1,0%,9
謎解き 制作 依頼 流れ,0,1,0%,9
雰囲気を味わう 言い換え,0,1,0%,9
popupとは イベント,0,1,0%,10
マーダー ミステリー とは,0,1,0%,10
心理戦 言い換え,0,1,0%,10
謎解き 制作 イベント 課題解決,0,1,0%,10
immerive,0,1,0%,11
immerse 読み方,0,1,0%,11
イマーシブ公演,0,1,0%,11
マダミス 意味,0,1,0%,11
マーダーミステリーとは？,0,1,0%,11
体験型美術館,0,1,0%,11
謎解き イベント 集客 成功,0,1,0%,11
謎解き イベント参加 種類,0,1,0%,11
都内 イマーシブ,0,1,0%,11
集客イベントアイデア,0,1,0%,11
頭脳系とは,0,1,0%,11
imerssive,0,1,0%,12
lmmersive,0,1,0%,12
まだミス,0,1,0%,12
ポップアップ イベント と は,0,1,0%,12
マダミス コツ,0,1,0%,12
マーダー ミステリー と は,0,1,0%,12
体験型 美術館,0,1,0%,12
集客 イベント アイデア,0,1,0%,13
イベント 企画 謎解き,0,1,0%,15
謎解き 会社 作成,0,1,0%,15
謎解き イベント 集客,0,1,0%,17
謎解き ゲーム 集客 フック,0,1,0%,17
イベント 企画 謎解き 運用,0,1,0%,18
イマーシブ体験施設,0,1,0%,18
謎解きイベント スペース,0,1,0%,18
イベント 企画 謎解き 依頼,0,1,0%,19
謎解き 企画,0,1,0%,20
謎解き企画,0,1,0%,20
謎解き イベント 告知,0,1,0%,23
謎解き 制作 企画,0,1,0%,23
体験型イベント,0,1,0%,24
謎解き イベント 種類,0,1,0%,25
謎解き 会社 制作,0,1,0%,25
謎解き イベント 企業向け チームビルディング,0,1,0%,26
謎解き 会社 企画,0,1,0%,27
謎解き 制作 イベント,0,1,0%,29
没入型脱出ゲーム q lab？,0,1,0%,33
ミステリー体験,0,1,0%,35
謎解き 企画 学園祭 コンセプト,0,1,0%,38
謎解き 制作,0,1,0%,39
謎解き ゲーム 企画,0,1,0%,43
謎解き 制作 目的,0,1,0%,44
謎解き 制作 イベント 納期管理,0,1,0%,49
謎解き 会社 費用対効果,0,1,0%,55
謎解き 企画 学園祭 安全運営,0,1,0%,69