リンクしているページ,前回のクロール
https://nazohiroba.com/mysteries/5IuVEYEV9PfKq4w9JqObeV,2026-08-05
https://nazohiroba.com/mysteries/5xk7v8uRY7cDZeuqojNKae,2026-08-05
https://nazohiroba.com/mysteries/hAlki3YyHkNciKlhdaAFDj,2026-08-05
https://x.com/immersive_ill,2026-08-05
https://x.com/immersive_ill/status/2084580103174963337,2026-08-05
https://x.com/madoka145,2026-08-05
https://x.com/madoka145/with_replies,2026-08-05
https://x.com/mitt1208,2026-08-05
https://x.com/waonnu,2026-08-05
https://escape.id/ImmersiveIllusion-org/,2026-08-04
https://escape.id/ImmersiveIllusion-org/e-kaitou/,2026-08-04
https://initial.inc/tags/btoc,2026-08-04
https://nazohiroba.com/mysteries/B8614OV9k7tNMEMpjpX0Ua,2026-08-04
https://nazohiroba.com/mysteries/HoitEe95Y11TLJMhMkjiyR,2026-08-04
https://nazohiroba.com/mysteries/ihLFiipypLqATD5soXrevP,2026-08-04
https://nazohiroba.com/mysteries/rQTrxfDNFMaaOWkhB7hgXa,2026-08-04
"https://search.yahoo.co.jp/realtime/search/怪盗/?ei=UTF-8&rkf=1&ifr=tl_unit&p=%E6%80%AA%E7%9B%97%E5%9B%A3%E3%83%95%E3%82%A1%E3%83%B3%E3%83%88%E3%83%A0 
%E3%82%B0%E3%83%83%E3%82%BA",2026-08-04
https://search.yahoo.co.jp/realtime/search/怪盗/?ei=UTF-8&rkf=1&ifr=tl_unit&p=%E6%80%AA%E7%9B%97u,2026-08-04
"https://search.yahoo.co.jp/realtime/search?ei=UTF-8&rkf=1&ifr=tl_unit&p=%E7%A7%98%E5%AF%86 
%E6%83%85%E5%A0%B1",2026-08-04
https://x.com/shierrrrrrra,2026-08-04
https://nazohiroba.com/mysteries/1uXRbZ6XJbECFA063bIgXn,2026-08-03
https://nazohiroba.com/mysteries/6CfPjrbWnwPvtbbcnitQh,2026-08-03
https://nazohiroba.com/mysteries/7CIkS8A8hJqSdpPswDnOin,2026-08-03
https://nazohiroba.com/mysteries/7LMrRrQLRbxYrhUFn1XGtk,2026-08-03
https://nazohiroba.com/mysteries/DiLhXG40yE1yMO3u8Zgg5y,2026-08-03
https://nazohiroba.com/mysteries/G8gEIbLiYzifumwz1RrKw,2026-08-03
https://nazohiroba.com/mysteries/MPCGEI67zBkuKsCLxmFM3g,2026-08-03
https://nazohiroba.com/mysteries/QM5bfzn91aLtwuP9eFu5xq,2026-08-03
https://nazohiroba.com/mysteries/SIKeVXSThBjYU75IehGmqv,2026-08-03
https://nazohiroba.com/mysteries/edxKhFKar5igi2vJ8anOhu,2026-08-03
https://news.denfaminicogamer.jp/news/2608032x,2026-08-03
https://news.nicovideo.jp/watch/nw19617402?news_ref=top_newComments,2026-08-03
https://note.com/ktos2020/n/ne8b75c092574,2026-08-03
https://note.com/mtmr000/n/n05c37201d914,2026-08-03
https://ure.pia.co.jp/articles/-/3381778,2026-08-03
https://www.404shibuya.tokyo/event/kabuexlabs-uwasabanashi/,2026-08-03
https://www.excite.co.jp/news/article/Prtimes_2026-08-04-185770-2/,2026-08-03
https://www.zaikei.co.jp/releases/3549589/,2026-08-03
https://x.com/JaPJaPyuki,2026-08-03
https://x.com/JaPJaPyuki/with_replies,2026-08-03
https://x.com/hashtag/ウワサバナシ調査委員会,2026-08-03
https://x.com/kinoshitay/with_replies,2026-08-03
https://x.com/sakumenx,2026-08-03
https://x.com/sakumenx/highlights,2026-08-03
https://x.com/sakumenx/status/2084122982797169051,2026-08-03
https://nazohiroba.com/mysteries/2R9nQ4HEG3N032XIg757UH,2026-08-02
https://nazohiroba.com/mysteries/3CCKCIoD8AYeBn72HcTiuU,2026-08-02
https://nazohiroba.com/mysteries/3TuaQVbR02GHdNF0VLXTkD,2026-08-02
https://nazohiroba.com/mysteries/OfrR4GjCetBtRr5NOoQzuy,2026-08-02
https://nazohiroba.com/mysteries/arkeDj7jifw9ghPRCTSDCi,2026-08-02
https://nazohiroba.com/mysteries/bTgZ81q7tpBJTrkbTymMC5,2026-08-02
https://nazohiroba.com/mysteries/c724lEeL8Y3qBzJZHffJov,2026-08-02
https://nazohiroba.com/mysteries/iEGiRtgPvTzz206efyyDcv,2026-08-02
https://nazohiroba.com/mysteries/kdNn1Ksqn7rGfxjq8GcbW6,2026-08-02
https://nazohiroba.com/mysteries/zV8tF7IFCMDZUz21pR0gdL,2026-08-02
https://news.nicovideo.jp/watch/nw19608621,2026-08-02
https://news.nicovideo.jp/watch/nw19608683,2026-08-02
https://www.mapion.co.jp/news/release/000000234.000008324-all/,2026-08-02
https://www.seotools.jp/news/id_000000002.000185770.html,2026-08-02
https://x.com/KeigoHoshino/status/2083228869717561415?lang=ar-x-fm,2026-08-02
https://zero-press.net/p/prtimes-185770-2,2026-08-02
https://ampinfo.net/2026/07/31/渋谷サクラステージが謎解きの舞台に！ex-labsが仕掛/,2026-08-01
https://initial.inc/,2026-08-01
https://nazohiroba.com/mysteries/0peKRv5ZLdYUlAhMqYghk9,2026-08-01
https://nazohiroba.com/mysteries/11EylMVJ6LgvgLfVXfLNEu,2026-08-01
https://nazohiroba.com/mysteries/1vycJ0KjOX8N5dCkWIXz04,2026-08-01
https://nazohiroba.com/mysteries/2SP0duBJ6VIddktFxgSYjW,2026-08-01
https://nazohiroba.com/mysteries/2sJyRdvGZe9h8Rk8TvkHlZ,2026-08-01
https://nazohiroba.com/mysteries/3HDDOqYc81kxjhm3blduO8,2026-08-01
https://nazohiroba.com/mysteries/5Jwo3ytJwYM6eYyTPInrBY,2026-08-01
https://nazohiroba.com/mysteries/5K5HtwYjrNwhRjNnvxpPhX,2026-08-01
https://nazohiroba.com/mysteries/6heWTytsVPsCqQptpdnqY9,2026-08-01
https://nazohiroba.com/mysteries/AHmDQf0jJMO19DdtpRzaGS,2026-08-01
https://nazohiroba.com/mysteries/HLqiqDiGuq8SazzvpaThoF,2026-08-01
https://nazohiroba.com/mysteries/IFBo3h7h6OBfysh9Og7xIb,2026-08-01
https://nazohiroba.com/mysteries/LRK41H4RgyZBIErDy6carA,2026-08-01
https://nazohiroba.com/mysteries/OAD1EZQ25Dicox8jbBMlt5,2026-08-01
https://nazohiroba.com/mysteries/WrkPcSE92XhxsuY31PePsP,2026-08-01
https://nazohiroba.com/mysteries/X0Fg2xb1w3Q94dKNtR8quC,2026-08-01
https://nazohiroba.com/mysteries/aOLNhYBXBmgiTGoT5nnjk6,2026-08-01
https://nazohiroba.com/mysteries/dYFIeGZiYiXs5V1fgYKudk,2026-08-01
https://nazohiroba.com/mysteries/elIUy467TGFjnoJYHPJlc5,2026-08-01
https://nazohiroba.com/mysteries/fEZQL6jNo3hqbwz1BTxnVL,2026-08-01
https://nazohiroba.com/mysteries/fv8iveRG3eYIDz7xhqCrZN,2026-08-01
https://nazohiroba.com/mysteries/l4RbxTqizmXtqr6FkFqNnk,2026-08-01
https://nazohiroba.com/mysteries/lk88vVnwXJya2AgSulh6j6,2026-08-01
https://nazohiroba.com/mysteries/q4yR9ElPnJF2HBpnLkTstK,2026-08-01
https://nazohiroba.com/mysteries/qZO6zpCDeJelmbycbNozSv,2026-08-01
https://nazohiroba.com/mysteries/tV9B9QCujJyTVBZfEco8UX,2026-08-01
https://nazohiroba.com/mysteries/tnRpOESMFR0L5ZD6qlxq2u,2026-08-01
https://news.iromame-beans.jp/article/b78f894e-8c89-11f1-b1d8-9ca3ba08e13f,2026-08-01
https://pitchbook.com/profiles/company/1462547-35,2026-08-01
https://www.iza.ne.jp/pressrelease/prtimes/JTMGFLNQURJ4FOC2COPX4RZLK4/,2026-08-01
https://www.mapion.co.jp/news/release/000000002.000185770-all/,2026-08-01
https://x.com/uwasatyousa?lang=ar,2026-08-01
https://x.com/waonnu?lang=mr,2026-08-01
https://app.dealroom.co/companies/ex_labs,2026-07-31
https://entamerush.jp/704935/,2026-07-31
https://escape.id/uwasabanashi-org/,2026-07-31
https://genicpress.com/2202080/,2026-07-31
https://genicpress.com/2202106/,2026-07-31
https://initial.inc/companies/A-CPVQT,2026-07-31
https://nazohiroba.com/mysteries/1DjqB3uhdANDyGkt1arivC,2026-07-31
https://nazohiroba.com/mysteries/2VqxpYarn0ac2aOuT9p5q9,2026-07-31
https://nazohiroba.com/mysteries/32rFN9XT1NuWxjUfteBgiV,2026-07-31
https://nazohiroba.com/mysteries/3LcbZHJvBWv0jtchGVO7tg,2026-07-31
https://nazohiroba.com/mysteries/41Gd2R4XGPCqmocGwrJWNP,2026-07-31
https://nazohiroba.com/mysteries/4SMXi4TAwRrPgwL7ys5V0x,2026-07-31
https://nazohiroba.com/mysteries/50jjS8VJ9wmTBTVSAT8pAb,2026-07-31
https://nazohiroba.com/mysteries/5Ny1AAZCN2Wx1TcFC24v7y,2026-07-31
https://nazohiroba.com/mysteries/5fk2qWmt3EvaRsrJQIDGrm,2026-07-31
https://nazohiroba.com/mysteries/5vxIfYOSiQKN9LCXjcRQok,2026-07-31
https://nazohiroba.com/mysteries/61S1esl14X9Vvzbc371DRo,2026-07-31
https://nazohiroba.com/mysteries/68NGGE57QoRaIpD0hpkiMp,2026-07-31
https://nazohiroba.com/mysteries/6NqAOwkcTPGNOq5RSW0aNh,2026-07-31
https://nazohiroba.com/mysteries/6VO3NdaByyw6YhCAxiMydz,2026-07-31
https://nazohiroba.com/mysteries/7B4k2lSzXniKWtdFpB6PH,2026-07-31
https://nazohiroba.com/mysteries/8VtnzfPv3iHxqVh9R18LWQ,2026-07-31
https://nazohiroba.com/mysteries/9DViHxnyl6IvFW7sgej8xT,2026-07-31
https://nazohiroba.com/mysteries/BOj1OAk4GUlGOSeOfBcEDl,2026-07-31
https://nazohiroba.com/mysteries/DlckOeNU5qRyeOShBJFD0L,2026-07-31
https://nazohiroba.com/mysteries/EGKWyfVIrnm0GV7YeoDJ6U,2026-07-31
https://nazohiroba.com/mysteries/G5EIh4adtLz6xwaGM5GbsA,2026-07-31
https://nazohiroba.com/mysteries/Gc8VYKlMkzq7GPMlZB2gDI,2026-07-31
https://nazohiroba.com/mysteries/H2WyhhFuSCykUIzNFFoKkt,2026-07-31
https://nazohiroba.com/mysteries/HQO5KEKgsh4XYxjGuGOOgn,2026-07-31
https://nazohiroba.com/mysteries/HxoY8mVm9jbYPGc4bN0mWx,2026-07-31
https://nazohiroba.com/mysteries/JymxN0qlxJQ3fIRuA9TKrb,2026-07-31
https://nazohiroba.com/mysteries/Mrs9WNOyRmvJmcdtivi46d,2026-07-31
https://nazohiroba.com/mysteries/NCesmxzbsOYhJMv7PX3zH1,2026-07-31
https://nazohiroba.com/mysteries/NOw1LH7pNZsXROr7MBPdJJ,2026-07-31
https://nazohiroba.com/mysteries/NoO8YsWLp3DjE6kf08vDk2,2026-07-31
https://nazohiroba.com/mysteries/Us4XwSNV7a1sUnAv31530C,2026-07-31
https://nazohiroba.com/mysteries/Zqxo4NEBxGvqUoY9x9vyGT,2026-07-31
https://nazohiroba.com/mysteries/categories/13,2026-07-31
https://nazohiroba.com/mysteries/dVwM7xJDUS6ubvkKSbmB6J,2026-07-31
https://nazohiroba.com/mysteries/deDjE1xBqu0nygIjiZGpGT,2026-07-31
https://nazohiroba.com/mysteries/ehBvUPTdf7u7Q7TEdvQv7L,2026-07-31
https://nazohiroba.com/mysteries/fau7WonxPx58dO0oKnEoE2,2026-07-31
https://nazohiroba.com/mysteries/fmJzf3xDxbHYSHrOm1if4I,2026-07-31
https://nazohiroba.com/mysteries/h2C9HJpJR6FUTQj5MeNEtA,2026-07-31
https://nazohiroba.com/mysteries/hfQRPKRayFAcOU0uqpNjoo,2026-07-31
https://nazohiroba.com/mysteries/igkg7z9dNqcUz3d37BlEJk,2026-07-31
https://nazohiroba.com/mysteries/mWeHpvOnI7NMMtTRYb82gN,2026-07-31
https://nazohiroba.com/mysteries/nJhpCsVPwBoq61y9QqzbXY,2026-07-31
https://nazohiroba.com/mysteries/otFMfbCxquEhGRUq09Hckx,2026-07-31
https://nazohiroba.com/mysteries/p6jxVZ6xGC65Cy62OXVLsd,2026-07-31
https://nazohiroba.com/mysteries/s0E1be3VTTzN6YA3TEPi9N,2026-07-31
https://nazohiroba.com/mysteries/sJtOcgPhrSTeKblXGgBK19,2026-07-31
https://nazohiroba.com/mysteries/u84LFxS3Uvpu4TMGmcaVcz,2026-07-31
https://nazohiroba.com/mysteries/wvMvC3nWLI471NRydYjhmm,2026-07-31
https://nazohiroba.com/mysteries/wvhYW5hZmi4UuS4JY8A8vY,2026-07-31
https://nazohiroba.com/mysteries/y7e1hXYF6JWaYGcxqJjyF,2026-07-31
https://news.infoseek.co.jp/article/prtimes_000000002_000185770/,2026-07-31
https://news.infoseek.co.jp/article/prtimes_000000234_000008324/,2026-07-31
https://note.com/startuplog/n/n673e87b9345c?hl=en,2026-07-31
https://prtimes.jp/main/html/rd/p/000000002.000185770.html,2026-07-31
https://prtimes.jp/main/html/rd/p/000000234.000008324.html,2026-07-31
https://release.traicy.com/posts/202607311264362/,2026-07-31
https://startup-db.com/companies/tags/content,2026-07-31
https://startuplog.com/n/n673e87b9345c,2026-07-31
https://startuplog.com/n/n673e87b9345c?hl=en,2026-07-31
https://www.cinemacafe.net/release/prtimes-news/20260731/98124.html,2026-07-31
https://www.excite.co.jp/news/article/Prtimes_2026-07-31-185770-2/,2026-07-31
https://www.jiji.com/jc/article?k=000000002.000185770&g=prt,2026-07-31
https://www.jiji.com/jc/article?k=000000234.000008324&g=prt,2026-07-31
https://www.rbbtoday.com/release/prtimes2-today/20260731/1326650.html,2026-07-31
https://www.sankei.com/pressrelease/prtimes/JTMGFLNQURJ4FOC2COPX4RZLK4/,2026-07-31
https://www.sankei.com/pressrelease/prtimes/YCCV5XAUNBLBBFB6JDOUJG2ZHE/,2026-07-31
https://x.com/uwasatyousa,2026-07-31
https://nazohiroba.com/mysteries/07GBVA2vcxkj0tEFFjr1OY,2026-07-30
https://nazohiroba.com/mysteries/1P8X6BplLHm02h7P9GY3xU,2026-07-30
https://nazohiroba.com/mysteries/1c9B97LX3qCzXsSymYtIUV,2026-07-30
https://nazohiroba.com/mysteries/2G0SrhLPZGxcjGqxFzUqJz,2026-07-30
https://nazohiroba.com/mysteries/2pdV7UroQ5RnybycaTnVnm,2026-07-30
https://nazohiroba.com/mysteries/2yUuQPzgUFmGTdz6RkisYH,2026-07-30
https://nazohiroba.com/mysteries/3HVE0gvESEZk7AJgewa8Gv,2026-07-30
https://nazohiroba.com/mysteries/4kxLLZhLLMYXfIfZtfy8jF,2026-07-30
https://nazohiroba.com/mysteries/BhGorIyUfRpGtRo7Qqm7lN,2026-07-30
https://nazohiroba.com/mysteries/F31uZw9o6siZ8LNJ9diISS,2026-07-30
https://nazohiroba.com/mysteries/FPCClOYssRFMZyjIhGYHqJ,2026-07-30
https://nazohiroba.com/mysteries/FmB77YSmt7zWV9EoEwcpcb,2026-07-30
https://nazohiroba.com/mysteries/GXvMKLHYVVhShNhG0J5pow,2026-07-30
https://nazohiroba.com/mysteries/KxIO1AFFGQA3HIKJml0nDi,2026-07-30
https://nazohiroba.com/mysteries/MSm4o4CjIwAjHYxwRFJjVZ,2026-07-30
https://nazohiroba.com/mysteries/NT4qYuM82X9lEgW3WJWHey,2026-07-30
https://nazohiroba.com/mysteries/ODZHHFMTY3gC3AyTO4DJIJ,2026-07-30
https://nazohiroba.com/mysteries/RgGnv6AzWp2WLS0urAXh3z,2026-07-30
https://nazohiroba.com/mysteries/TT3HCFUqbGmAy515XQAfWn,2026-07-30
https://nazohiroba.com/mysteries/UOb9GJbHIeDPwj1Oc2yMyf,2026-07-30
https://nazohiroba.com/mysteries/WPdL4tN5juj1GBljHuqTl,2026-07-30
https://nazohiroba.com/mysteries/WSpbvqMUCkiijYxF5uDbTr,2026-07-30
https://nazohiroba.com/mysteries/YFtyHNqaZPyNK3g6PSaaNg,2026-07-30
https://nazohiroba.com/mysteries/aPW7JlOuYk195WFoaIOxlj,2026-07-30
https://nazohiroba.com/mysteries/areas/2,2026-07-30
https://nazohiroba.com/mysteries/areas/2/categories/1,2026-07-30
https://nazohiroba.com/mysteries/areas/2/types/17,2026-07-30
https://nazohiroba.com/mysteries/eFt5AtXbsHRw141F08oHLQ,2026-07-30
https://nazohiroba.com/mysteries/gtt7Z4ts7f6EObbEdj8iIl,2026-07-30
https://nazohiroba.com/mysteries/ilHOFKsYlbiBqiLVM9X1ra,2026-07-30
https://nazohiroba.com/mysteries/jqqUrulmWzs5L6rynjKdX2,2026-07-30
https://nazohiroba.com/mysteries/lEsUXj4UuW5MHrnZrX5MZB,2026-07-30
https://nazohiroba.com/mysteries/n3OvjXO8QIsZ1iUjo728yx,2026-07-30
https://nazohiroba.com/mysteries/nwTBeEnYtorcj2u9dHnZ9E,2026-07-30
https://nazohiroba.com/mysteries/oLdDFemutHDZ7fTWeoHv5,2026-07-30
https://nazohiroba.com/mysteries/p0VKQ5zpMuGQ8GH3ot3i97,2026-07-30
https://nazohiroba.com/mysteries/pCIAAVwdC3sfha7VrA7zqy,2026-07-30
https://nazohiroba.com/mysteries/places/渋谷,2026-07-30
https://nazohiroba.com/mysteries/prefectures/13,2026-07-30
https://nazohiroba.com/mysteries/prefectures/13/categories/1,2026-07-30
https://nazohiroba.com/mysteries/tokyo,2026-07-30
https://nazohiroba.com/mysteries/vzbuHOvjUEgNVXQcfln0dY,2026-07-30
https://nazohiroba.com/mysteries/zOQMAGHS7z07prWzEJlQN9,2026-07-30
https://x.com/sanohabit/status/2082093241818927216,2026-07-30
https://escape.id/uwasabanashi-org/e-case1/,2026-07-29
https://x.com/anator_official,2026-07-26
https://mdms.jp/scenarios/11101,2026-07-13
https://mdms.jp/scenarios/10691,2026-07-12
https://mdms.jp/scenarios/9686,2026-07-11
https://lightandgeek.yorozuyagakudan.com/,2026-07-10
https://mdms.jp/scenarios/10017,2026-07-10
https://news.livedoor.com/article/detail/31788527/,2026-07-10
https://ure.pia.co.jp/articles/-/3341981,2026-07-10
https://ure.pia.co.jp/articles/-/3342045,2026-07-10
https://getnews.jp/archives/3729414,2026-07-09
https://mama.smt.docomo.ne.jp/articles/500203/3/,2026-07-09
https://mdms.jp/scenarios/10286,2026-07-09
https://mdms.jp/scenarios/11047,2026-07-09
https://michill.jp/enjoy/a243685,2026-07-09
https://straightpress.jp/20260709/1656738,2026-07-09
https://x.com/toudaimurder/status/2075237197155070142,2026-07-09
https://mdms.jp/scenarios/9685,2026-07-08
https://www.mapion.co.jp/news/release/000000001.000185770-all/,2026-07-08
https://x.com/toudaimurder,2026-07-08
https://x.com/toudaimurder/highlights,2026-07-08
https://30min.jp/release/prtimes/detail/794256,2026-07-07
https://entamerush.jp/699157/,2026-07-07
https://geijutsuseikatsu.com/169616/,2026-07-07
https://genicpress.com/2177312/,2026-07-07
https://koubo.jp/press-release/prtimes/c185770_r1,2026-07-07
https://mainichikirei.jp/prtimes/article/20260707prt00m100000118a.html,2026-07-07
https://mantan-web.jp/prtimes/article/20260707prt00m200000160a.html,2026-07-07
https://mezamashi.media/articles/-/318060,2026-07-07
https://news.infoseek.co.jp/article/prtimes_000000001_000185770/,2026-07-07
https://news.nicovideo.jp/watch/nw19514058?news_ref=20_20,2026-07-07
https://prtimes.jp/main/html/rd/p/000000001.000185770.html,2026-07-07
https://release.traicy.com/posts/202607071228247/,2026-07-07
https://www.cinemacafe.net/release/prtimes-news/20260707/95696.html,2026-07-07
https://www.iza.ne.jp/pressrelease/prtimes/7ADOKE3RXFOZDECDOF7GHBYGTM/,2026-07-07
https://www.jiji.com/jc/article?k=000000001.000185770&g=prt,2026-07-07
https://www.sankei.com/pressrelease/prtimes/7ADOKE3RXFOZDECDOF7GHBYGTM/,2026-07-07
https://www.skyland.vc/,2026-07-07